program,target_language,condition,cached,source_cyclomatic,source_loops,source_branches,source_functions,executable,output_match,translated_chars,extracted,translation_cyclomatic,translation_loops,translation_branches,translation_functions,cyclomatic_delta,loop_delta,branch_delta,function_delta
balanced_parens,javascript,anchored,True,9,2,6,2,True,True,834,True,6,2,6,2,3,0,0,0
balanced_parens,javascript,plain,True,9,2,6,2,True,True,757,True,6,2,6,2,3,0,0,0
balanced_parens,java,anchored,True,9,2,6,2,True,True,1227,True,4,2,6,2,5,0,0,0
balanced_parens,java,plain,True,9,2,6,2,True,True,1285,True,4,2,6,2,5,0,0,0
balanced_parens,cpp,anchored,True,9,2,6,2,True,True,1031,True,7,2,6,3,2,0,0,1
balanced_parens,cpp,plain,True,9,2,6,2,False,False,1024,True,7,2,6,3,2,0,0,1
balanced_parens,go,anchored,True,9,2,6,2,True,True,667,True,6,2,6,2,3,0,0,0
balanced_parens,go,plain,True,9,2,6,2,True,True,693,True,6,2,6,2,3,0,0,0
binary_search,javascript,anchored,True,6,2,3,2,True,True,618,True,6,2,3,2,0,0,0,0
binary_search,javascript,plain,True,6,2,3,2,True,True,620,True,6,2,3,2,0,0,0,0
binary_search,java,anchored,True,6,2,3,2,True,True,712,True,6,2,3,2,0,0,0,0
binary_search,java,plain,True,6,2,3,2,True,True,706,True,6,2,3,2,0,0,0,0
binary_search,cpp,anchored,True,6,2,3,2,True,True,672,True,6,2,3,3,0,0,0,1
binary_search,cpp,plain,True,6,2,3,2,True,True,718,True,7,2,3,3,1,0,0,1
binary_search,go,anchored,True,6,2,3,2,True,True,448,True,5,2,3,2,1,0,0,0
binary_search,go,plain,True,6,2,3,2,True,True,448,True,5,2,3,2,1,0,0,0
bubble_sort,javascript,anchored,True,7,3,2,2,True,True,725,True,7,3,2,2,0,0,0,0
bubble_sort,javascript,plain,True,7,3,2,2,True,True,725,True,7,3,2,2,0,0,0,0
bubble_sort,java,anchored,True,7,3,2,2,True,True,1082,True,7,3,2,2,0,0,0,0
bubble_sort,java,plain,True,7,3,2,2,True,True,1119,True,7,3,2,2,0,0,0,0
bubble_sort,cpp,anchored,True,7,3,2,2,True,True,1141,True,9,3,4,3,2,0,2,1
bubble_sort,cpp,plain,True,7,3,2,2,True,True,1050,True,9,3,3,3,2,0,1,1
bubble_sort,go,anchored,True,7,3,2,2,True,True,617,True,7,3,2,2,0,0,0,0
bubble_sort,go,plain,True,7,3,2,2,True,True,617,True,7,3,2,2,0,0,0,0
collatz_steps,javascript,anchored,True,5,2,2,2,True,True,357,True,5,2,2,2,0,0,0,0
collatz_steps,javascript,plain,True,5,2,2,2,True,True,357,True,5,2,2,2,0,0,0,0
collatz_steps,java,anchored,True,5,2,2,2,True,True,476,True,4,2,2,2,1,0,0,0
collatz_steps,java,plain,True,5,2,2,2,True,True,497,True,5,2,2,2,0,0,0,0
collatz_steps,cpp,anchored,True,5,2,2,2,True,True,535,True,6,2,2,3,1,0,0,1
collatz_steps,cpp,plain,True,5,2,2,2,True,True,486,True,6,2,2,3,1,0,0,1
collatz_steps,go,anchored,True,5,2,2,2,True,True,283,True,4,2,2,2,1,0,0,0
collatz_steps,go,plain,True,5,2,2,2,True,True,281,True,4,2,2,2,1,0,0,0
fibonacci_memo,javascript,anchored,True,5,1,2,2,True,True,335,True,5,1,2,2,0,0,0,0
fibonacci_memo,javascript,plain,True,5,1,2,2,True,True,335,True,5,1,2,2,0,0,0,0
fibonacci_memo,java,anchored,True,5,1,2,2,True,True,578,True,5,1,2,2,0,0,0,0
fibonacci_memo,java,plain,True,5,1,2,2,True,True,574,True,5,1,2,2,0,0,0,0
fibonacci_memo,cpp,anchored,True,5,1,2,2,True,True,523,True,6,1,2,3,1,0,0,1
fibonacci_memo,cpp,plain,True,5,1,2,2,True,True,541,True,6,1,2,3,1,0,0,1
fibonacci_memo,go,anchored,True,5,1,2,2,True,True,325,True,5,1,2,2,0,0,0,0
fibonacci_memo,go,plain,True,5,1,2,2,True,True,328,True,5,1,2,2,0,0,0,0
fizzbuzz,javascript,anchored,True,6,1,4,2,True,True,332,True,6,1,4,2,0,0,0,0
fizzbuzz,javascript,plain,True,6,1,4,2,True,True,332,True,6,1,4,2,0,0,0,0
fizzbuzz,java,anchored,True,6,1,4,2,True,True,466,True,6,1,4,2,0,0,0,0
fizzbuzz,java,plain,True,6,1,4,2,True,True,464,True,6,1,4,2,0,0,0,0
fizzbuzz,cpp,anchored,True,6,1,4,2,False,False,426,True,7,1,4,3,1,0,0,1
fizzbuzz,cpp,plain,True,6,1,4,2,True,True,435,True,7,1,4,3,1,0,0,1
fizzbuzz,go,anchored,True,6,1,4,2,True,True,299,True,6,1,4,2,0,0,0,0
fizzbuzz,go,plain,True,6,1,4,2,True,True,300,True,6,1,4,2,0,0,0,0
gcd_lcm,javascript,anchored,True,6,2,1,3,True,True,429,True,6,2,1,3,0,0,0,0
gcd_lcm,javascript,plain,True,6,2,1,3,True,True,429,True,6,2,1,3,0,0,0,0
gcd_lcm,java,anchored,True,6,2,1,3,True,True,686,True,6,2,1,3,0,0,0,0
gcd_lcm,java,plain,True,6,2,1,3,True,True,661,True,6,2,1,3,0,0,0,0
gcd_lcm,cpp,anchored,True,6,2,1,3,True,True,653,True,7,2,1,4,1,0,0,1
gcd_lcm,cpp,plain,True,6,2,1,3,True,True,653,True,7,2,1,4,1,0,0,1
gcd_lcm,go,anchored,True,6,2,1,3,True,True,439,True,6,2,1,3,0,0,0,0
gcd_lcm,go,plain,True,6,2,1,3,True,True,408,True,6,2,1,3,0,0,0,0
matrix_multiply,javascript,anchored,True,7,5,0,2,True,True,855,True,7,5,0,2,0,0,0,0
matrix_multiply,javascript,plain,True,7,5,0,2,True,True,783,True,7,5,0,2,0,0,0,0
matrix_multiply,java,anchored,True,7,5,0,2,True,True,1615,True,7,5,0,2,0,0,0,0
matrix_multiply,java,plain,True,7,5,0,2,True,True,1365,True,7,5,0,2,0,0,0,0
matrix_multiply,cpp,anchored,True,7,5,0,2,False,False,1278,True,9,5,2,3,2,0,2,1
matrix_multiply,cpp,plain,True,7,5,0,2,True,True,1282,True,9,5,1,3,2,0,1,1
matrix_multiply,go,anchored,True,7,5,0,2,True,True,678,True,7,5,0,2,0,0,0,0
matrix_multiply,go,plain,True,7,5,0,2,True,True,678,True,7,5,0,2,0,0,0,0
prime_sieve,javascript,anchored,True,10,5,3,2,True,True,765,True,10,5,3,2,0,0,0,0
prime_sieve,javascript,plain,True,10,5,3,2,True,True,765,True,10,5,3,2,0,0,0,0
prime_sieve,java,anchored,True,10,5,3,2,True,True,1117,True,10,5,3,2,0,0,0,0
prime_sieve,java,plain,True,10,5,3,2,True,True,1101,True,10,5,3,2,0,0,0,0
prime_sieve,cpp,anchored,True,10,5,3,2,True,True,1177,True,12,5,5,3,2,0,2,1
prime_sieve,cpp,plain,True,10,5,3,2,True,True,1086,True,12,5,4,3,2,0,1,1
prime_sieve,go,anchored,True,10,5,3,2,True,True,640,True,10,5,3,2,0,0,0,0
prime_sieve,go,plain,True,10,5,3,2,True,True,661,True,11,5,4,2,1,0,1,0
run_length_encode,javascript,anchored,True,6,2,3,2,True,True,689,True,6,2,3,2,0,0,0,0
run_length_encode,javascript,plain,True,6,2,3,2,True,True,645,True,6,2,3,2,0,0,0,0
run_length_encode,java,anchored,True,6,2,3,2,True,True,869,True,6,2,3,2,0,0,0,0
run_length_encode,java,plain,True,6,2,3,2,True,True,864,True,6,2,3,2,0,0,0,0
run_length_encode,cpp,anchored,True,6,2,3,2,True,True,837,True,7,2,3,3,1,0,0,1
run_length_encode,cpp,plain,True,6,2,3,2,True,True,837,True,7,2,3,3,1,0,0,1
run_length_encode,go,anchored,True,6,2,3,2,True,True,575,True,6,2,3,2,0,0,0,0
run_length_encode,go,plain,True,6,2,3,2,True,True,585,True,6,2,3,2,0,0,0,0
two_sum,javascript,anchored,True,5,2,2,2,True,True,655,True,5,2,2,2,0,0,0,0
two_sum,javascript,plain,True,5,2,2,2,True,True,592,True,5,2,2,2,0,0,0,0
two_sum,java,anchored,True,5,2,2,2,True,True,982,True,5,2,2,2,0,0,0,0
two_sum,java,plain,True,5,2,2,2,True,True,968,True,5,2,2,2,0,0,0,0
two_sum,cpp,anchored,True,5,2,2,2,True,True,984,True,6,2,2,3,1,0,0,1
two_sum,cpp,plain,True,5,2,2,2,True,True,968,True,6,2,2,3,1,0,0,1
two_sum,go,anchored,True,5,2,2,2,True,True,574,True,5,2,2,2,0,0,0,0
two_sum,go,plain,True,5,2,2,2,True,True,555,True,5,2,2,2,0,0,0,0
word_frequency,javascript,anchored,True,9,2,8,2,True,True,958,True,9,2,8,2,0,0,0,0
word_frequency,javascript,plain,True,9,2,8,2,True,True,958,True,9,2,8,2,0,0,0,0
word_frequency,java,anchored,True,9,2,8,2,True,True,1453,True,2,2,8,1,7,0,0,1
word_frequency,java,plain,True,9,2,8,2,True,True,1416,True,2,2,8,1,7,0,0,1
word_frequency,cpp,anchored,True,9,2,8,2,True,True,1293,True,4,3,8,2,5,1,0,0
word_frequency,cpp,plain,True,9,2,8,2,True,True,1348,True,4,3,8,2,5,1,0,0
word_frequency,go,anchored,True,9,2,8,2,True,True,850,True,10,3,8,2,1,1,0,0
word_frequency,go,plain,True,9,2,8,2,True,True,812,True,10,3,8,2,1,1,0,0
